id,sku,name,slug,description,short_description,category,brand,tags,base_price,compare_at_price,cost_price,hash_rate,power_consumption,algorithm,efficiency,weight,dimensions_length,dimensions_width,dimensions_height,featured_image_url,images,video_url,model_3d_url,track_inventory,stock_quantity,low_stock_threshold,allow_backorder,meta_title,meta_description,meta_keywords,is_featured,is_active,is_archived,published_at,created_at,updated_at,gtin
047fa1de-6216-413f-8fc1-00b4ad7bde00,ZRPO-05-628,"Bitmain L9 16G 3360W High-Performance Scrypt Algorithm Computing Server - 180-Day Warranty, Ships End of Nov 2024",new-bitmain-antminer-l9-16g-3360w-scrypt-algorithm-computing-computing-device-l9-processing-scrypt-algorithmcrypt-algorithmbells-scrypt-computing-network-algorithm-180-day-warranty-shipping-in-the-end-of-nov-2024,"<p><b>Brand:</b> AORL</p><p><b>Features:</b> </p><ul>
<li>Important note - All products we sell are brand new. Due to the product's special nature, the processing unit's daily revenue is related to the total network computing power and data processing's price. In principle, we do not accept returns. If the return is not due to product failure, 50% of the product price will be charged as a return fee. So please think carefully before you purchase.</li>
<li>Model Antminer L9 (16Gh) from Bitmain processing Scrypt algorithm with a maximum processing rate of 16Gh/s for a power consumption of 3360W.</li>
<li>Scrypt algorithm+Scrypt algorithm+BEL Scrypt Air-cooling computing device.</li>
<li>Output wattage: 3360.0</li>
<li>Compatible devices: Laptop</li>
<li>Item weight: 31.09 pounds</li>
<li>Connector type: Floppy</li>
<li>Wattage: 3360.0 watts</li>
<li>Cooling method: Air</li>
</ul><p><b>Binding:</b> Personal Computers</p>","Brand: AORLFeatures: Important note - All products we sell are brand new. Due to the product's special nature, the processing unit's daily revenue is related to the total network computing power and cr...",BISS,Bitmain,"[""AORL"",""BISS""]",3785.54,,,16Gh/s,3360W,Scrypt,0.21 J/MH,15.90,57.00,31.60,43.00,https://cdn.shopify.com/s/files/1/0979/8539/7073/files/61agsMKIqsL.jpg?v=1761586460,"[""https://cdn.shopify.com/s/files/1/0979/8539/7073/files/61agsMKIqsL.jpg?v=1761586460"",""https://cdn.shopify.com/s/files/1/0979/8539/7073/files/61JGlEQvP9L.jpg?v=1761586461"",""https://cdn.shopify.com/s/files/1/0979/8539/7073/files/61pCn_BlU0L.jpg?v=1761586461"",""https://cdn.shopify.com/s/files/1/0979/8539/7073/files/51dbYgY2txL.jpg?v=1761586460""]",,,true,10,5,false,New BITMAIN Antminer L9 16G 3360W Scrypt algorithm computing computing device L9 process,"Brand: AORLFeatures: Important note - All products we sell are brand new. Due to the product's special nature, the processing unit's daily revenue is related to",,true,true,false,2025-10-27 17:38:09+00,2025-10-31 19:59:50.088022+00,2025-11-04 17:10:24.386498+00,
07a92097-6ea3-4ba5-8d34-97c9b9616000,VTSL-44-582,TIIAXCZ Bitmain L7 9050M Scrypt Algorithm Data Processing Server with Built-in Power Supply – Ready Stock by OEMGMINER,tiiaxcz-new-bitmain-antminer-l7-9050m-scrypt-algorithm-scrypt-algorithm-computing-scrypt-algorithm-high-performance-computing-server-computing-network-processing-unit-bulit-in-psu-ready-stock-by-oemgminer,"<p><b>Brand:</b> TIIAXCZ</p><p><b>Features:</b> </p><ul>
<li>Bitmain Antminer L7 is a New improved SHA-256 data processing processing Hardware with processing rate 9050MH/s</li>
<li>OEMGMINER is a Professional One-stop computing device Supplier with Various Other Models Available.Uchxxym Lidybalabukihz</li>
<li>Price Fluctuations, processing Changes, and no Return on processing Machines Unless Quality Concerns.</li>
<li>Disassembling digital currencies Carries financial Risks Due to Exchange Rate Fluctuations and processing Algorithm Changes</li>
<li>15-30% Restocking Fee for Non-quality Returns: 1) Unneeded or lower-than-expected ROI. 2) Missing/Damaged/Altered/Illegible Labels. 3) Missing Original Packaging and Accessories.</li>
</ul><p><b>Details:</b> New Bitmain Antminer L7 9050M Scrypt algorithm  &amp; Scrypt algorithm computing Scrypt algorithm  High-Performance Computing Server computing network processing unit Bulit-in PSU Ready Stock by OEMGMINER</p><p><b>EAN:</b> 0603465195283</p><p><b>Package Dimensions:</b> 9.9 x 4.7 x 1.9 inches</p>",Brand: TIIAXCZFeatures: Bitmain Antminer L7 is a New improved SHA-256 data processing processing Hardware with processing rate 9050MH/s OEMGMINER is a Professional One-stop computing device Supplier with Various Other Models Available.Uch...,Personal Computer,Bitmain,"[""Internal Power Supplies"",""Personal Computer"",""TIIAXCZ""]",7799.40,,,9050MH/s,3260W,Scrypt,0.36 J/MH,13.50,57.00,31.60,43.00,https://cdn.shopify.com/s/files/1/0979/8539/7073/files/61Q-MLf8n6L.jpg?v=1761586573,"[""https://cdn.shopify.com/s/files/1/0979/8539/7073/files/61Q-MLf8n6L.jpg?v=1761586573"",""https://cdn.shopify.com/s/files/1/0979/8539/7073/files/71SC_ble21L.jpg?v=1761586573"",""https://cdn.shopify.com/s/files/1/0979/8539/7073/files/61T1Fi_SSHL.jpg?v=1761586573"",""https://cdn.shopify.com/s/files/1/0979/8539/7073/files/616ATmy-TJL.jpg?v=1761586573"",""https://cdn.shopify.com/s/files/1/0979/8539/7073/files/61LzY5jV47L.jpg?v=1761586573"",""https://cdn.shopify.com/s/files/1/0979/8539/7073/files/61_vd_5Q2sL.jpg?v=1761586574""]",,,true,10,5,false,TIIAXCZ New Bitmain Antminer L7 9050M Scrypt algorithm  & Scrypt algorithm computing Scr,Brand: TIIAXCZFeatures: Bitmain Antminer L7 is a New improved SHA-256 data processing processing Hardware with processing rate 9050MH/s OEMGMINER is a Professiona,,false,true,false,2025-10-27 17:38:12+00,2025-10-31 19:59:50.239614+00,2025-11-04 17:10:44.14034+00,603465195283
08f619ec-9c14-47df-bef7-b5531f83e0d7,ZOYQ-89-927,"Mining Depot Bitmain S19J Pro SHA-256 High-Efficiency Computing Server - 104TH/s, 3068W, 220V PSU and Power Cord Included",mining-depot-sha-256-data-processing-computing-network-high-performance-computing-server-bitmain-antminer-s19j-pro-efficient-sha-256-data-processing-processing-hardware-and-tech-solution-for-sha-256-data-processingdata-processing-computing-network-processing-220v-psu-and-power-cord-included-104ths-3068w,<p><b>Brand:</b> processing Depot</p><p><b>Binding:</b> Personal Computers</p><p><b>EAN:</b> 0860008344007</p><p><b>Package Dimensions:</b> 23.0 x 17.0 x 13.0 inches</p>,Brand: processing DepotBinding: Personal ComputersEAN: 0860008344007Package Dimensions: 23.0 x 17.0 x 13.0 inches...,Personal Computer,Bitmain,"[""Mining Depot"",""Personal Computer""]",8699.40,,,104 TH/s,3068W,SHA-256,29.5 J/TH,14.60,57.00,31.60,43.00,https://cdn.shopify.com/s/files/1/0979/8539/7073/files/71Gn4fY8YrL.jpg?v=1761586506,"[""https://cdn.shopify.com/s/files/1/0979/8539/7073/files/71Gn4fY8YrL.jpg?v=1761586506"",""https://cdn.shopify.com/s/files/1/0979/8539/7073/files/71Djr4DZZ9L.jpg?v=1761586507"",""https://cdn.shopify.com/s/files/1/0979/8539/7073/files/61t7929i2uL.jpg?v=1761586506"",""https://cdn.shopify.com/s/files/1/0979/8539/7073/files/71ENDPgVCEL.jpg?v=1761586506"",""https://cdn.shopify.com/s/files/1/0979/8539/7073/files/71hlvueTOIL.jpg?v=1761586507"",""https://cdn.shopify.com/s/files/1/0979/8539/7073/files/71_IcyZWJBL.jpg?v=1761586507"",""https://cdn.shopify.com/s/files/1/0979/8539/7073/files/71j7-HkRDOL.jpg?v=1761586507"",""https://cdn.shopify.com/s/files/1/0979/8539/7073/files/71ypVghhqFL.jpg?v=1761586506""]",,,true,10,5,false,"Mining Depot SHA-256 data processing computing network High-Performance Computing Server - ",Brand: processing DepotBinding: Personal ComputersEAN: 0860008344007Package Dimensions: 23.0 x 17.0 x 13.0 inches...,,true,true,false,2025-10-27 17:38:07+00,2025-10-31 19:59:50.108645+00,2025-11-04 17:11:36.091877+00,860008344007
29634aa8-cc56-4aeb-bf6b-32d1a15769ea,UQIN-89-031,"New Antminer L7 8800MH Scrypt algorithm Litce Scrypt algorithm computing device, High-Performance Computing Server Bitmain Antminer L7 Most Profitable computing network processing unit Include Power Supply PSU (Antminer L7 8800MH)",new-antminer-l7-8800mh-scrypt-algorithm-litce-scrypt-algorithm-computing-device-high-performance-computing-server-bitmain-antminer-l7-most-profitable-computing-network-processing-unit-include-power-supply-psu-antminer-l7-8800mh,"<p><b>Brand:</b> QIO TECH</p><p><b>Color:</b> Antminer L7 8800MH</p><p><b>Features:</b> </p><ul>
<li>Brand new Antminer L7 8800mh, now is the most profitable asic antminer machine, can processing Scrypt algorithm and Scrypt algorithm .</li>
<li>We Will likely charge 40% restock fee if return the antminer L7 within 30 days, so We ask you make a very serious consideration before purchase. if return, we will both lose much.</li>
<li>Bitmain Antminer L7 is the most profitable powerful high-performance computing server Machine, profitable is much higher than Antminer s19xp 141th, Antminer s19pro 110th, Antminer K7, Goldshell kd max</li>
<li>Antminer L7 can processing Scrypt algorithm scrypt algorithm computing and Scrypt algorithm , now Scrypt algorithm  has a promising future, if Scrypt algorithm  increase much, you will get roi back faster than expected</li>
<li>Please kindly note Antminer L7 that the required input voltage for Bitmain Antminer L7 is 220V. Wrong input voltage may probably cause computing device damaged, do not include power cords</li>
</ul><p><b>model number:</b> L7 8800MH</p><p><b>EAN:</b> 0735280315062</p><p><b>Package Dimensions:</b> 22.4 x 16.9 x 12.4 inches</p>","Brand: QIO TECHColor: Antminer L7 8800MHFeatures: Brand new Antminer L7 8800mh, now is the most profitable asic antminer machine, can processing Scrypt algorithm and Scrypt algorithm . We Will likely charge 40% restock fee if...",Personal Computer,Bitmain,"[""Internal Power Supplies"",""Personal Computer"",""QIO TECH""]",6600.00,,,8800 MH/s,3425W,Scrypt,0.39 J/MH,13.50,57.00,31.60,43.00,https://cdn.shopify.com/s/files/1/0979/8539/7073/files/51mAPLMxBhL.jpg?v=1761586593,"[""https://cdn.shopify.com/s/files/1/0979/8539/7073/files/51mAPLMxBhL.jpg?v=1761586593"",""https://cdn.shopify.com/s/files/1/0979/8539/7073/files/519W9oBYkbL.jpg?v=1761586593"",""https://cdn.shopify.com/s/files/1/0979/8539/7073/files/61QBVk9_khL.jpg?v=1761586593""]",,,true,10,5,false,New Antminer L7 8800MH Scrypt algorithm Litce Scrypt algorithm computing d,"Brand: QIO TECHColor: Antminer L7 8800MHFeatures: Brand new Antminer L7 8800mh, now is the most profitable asic antminer machine, can processing Scrypt algorithm an",,false,true,false,2025-10-27 17:38:07+00,2025-10-31 19:59:50.28141+00,2025-10-31 19:59:50.28141+00,735280315062
2fb35126-7806-42a4-97ac-c0d641bf65e8,VDDP-29-398,"New BITMAIN Antminer L7 9050M High-Performance Computing Server (0.36J/TH, 3260W, 220V), Best Air-Cooling High Productive Scrypt algorithm computing/Scrypt algorithm Home processing Machines, w/Power Supply",new-bitmain-antminer-l7-9050m-high-performance-computing-server-036jth-3260w-220v-best-air-cooling-high-productive-scrypt-algorithm-computingscrypt-algorithm-home-processing-machines-wpower-supply,"<p><b>Brand:</b> Antminer</p><p><b>Features:</b> </p><ul>
<li>【Unmatched processing rate Power】 Delivering a remarkable 9050 MH/s ±3% processing rate, these miners are engineered to maximize your Scrypt algorithm and Scrypt algorithm processing efficiency, ensuring higher returns with every block mined.</li>
<li>【Energy Efficiency at Its Best】 Designed for optimal performance, these units operate at an impressive 0.36 J/TH ±10% power efficiency. Save on electricity costs while increasing processing profitability, thanks to the low energy consumption of 3260W ±10%.</li>
<li>【Dual computing network processing Capability】 Leverage the efficient Scrypt algorithm to mine both Scrypt algorithm computing (Scrypt algorithm) and Scrypt algorithm (Scrypt algorithm) simultaneously. Boost your processing output and diversify your computing network portfolio with one device for multiple digital currencies.</li>
<li>【Efficient Cooling &amp; Durability】 Designed with advanced cooling technology to maintain optimal temperatures even under continuous operation. Miners can withstand the heat, ensuring longevity and stable performance in demanding processing environments.</li>
<li>※IMPORTANT※ For brand new BITMAIN Antminer units, if the return is not due to product quality issues, a 40% restocking fee will be applied. Please carefully consider your purchase before making a decision.</li>
</ul><p><b>Binding:</b> Personal Computers</p><p><b>Details:</b> ※IMPORTANT※<br>
Brand New BITMAIN Antminer units come with warranty coverage provided by BITMAIN. We are not responsible for the warranty; therefore, customers are required to proactively contact BITMAIN's official website, where dedicated personnel will assist you.<br>
<br>
The power cord was NOT INCLUDED in the package originally. Please use 220-277V Voltage; wrong input voltage may probably cause computing device damage.<br>
<br>
Specifications<br>
Product Glance<br>
Model<br>
L7<br>
<br>
Algorithm | data processing<br>
Scrypt | Scrypt algorithm+Scrypt algorithm<br>
<br>
processing rate, MH/s<br>
9050 ±3%<br>
<br>
Power on wall @77°F(25°C), Watt<br>
3260 W ± 10%<br>
<br>
Power efficiency on wall @77°F(25°C), J/TH<br>
0.36 J/TH ± 10%<br>
<br>
Detailed Characteristics<br>
Power Supply<br>
Power supply AC Input voltage, Volt<br>
200~240 V<br>
<br>
Power supply AC Input Frequency Range, Hz<br>
47~63 Hz<br>
<br>
Power supply AC Input current, Amp<br>
20<br>
<br>
Hardware Configuration<br>
Networking connection mode<br>
Ethernet 10/100M<br>
<br>
computing device Size (Length*Width*Height, w/o package), inches<br>
14.57 x 7.70 x 11.42 inches<br>
<br>
computing device Size (Length*Width*Height, with package), inches<br>
22.45 x 12.45 x 16.93 inches<br>
<br>
Net weight, lbs<br>
29.77 lbs<br>
<br>
Gross weight, lbs<br>
33.07 lbs<br>
<br>
Environment Requirements<br>
Operation temperature,°F<br>
32~113°F<br>
<br>
Storage temperature,°F<br>
-4~158 °F</p><p><b>EAN:</b> 0850010024363</p><p><b>Package Dimensions:</b> 22.4 x 16.9 x 12.4 inches</p>","Brand: AntminerFeatures: 【Unmatched processing rate Power】 Delivering a remarkable 9050 MH/s ±3% processing rate, these miners are engineered to maximize your Scrypt algorithm and Scrypt algorithm processing efficiency, ensuring higher returns...",BISS,Bitmain,"[""Antminer"",""BISS"",""Internal Power Supplies""]",4133.99,,,9050 MH/s,3260W,Scrypt,0.36 J/TH,13.50,57.00,31.60,43.00,https://cdn.shopify.com/s/files/1/0979/8539/7073/files/61AZjyDR9yL.jpg?v=1761586335,"[""https://cdn.shopify.com/s/files/1/0979/8539/7073/files/61AZjyDR9yL.jpg?v=1761586335"",""https://cdn.shopify.com/s/files/1/0979/8539/7073/files/6194V-hmvcL.jpg?v=1761586335"",""https://cdn.shopify.com/s/files/1/0979/8539/7073/files/51UQ1RhJvVL.jpg?v=1761586334"",""https://cdn.shopify.com/s/files/1/0979/8539/7073/files/41bJgF-Q8LL.jpg?v=1761586334"",""https://cdn.shopify.com/s/files/1/0979/8539/7073/files/41C-ko_47-L.jpg?v=1761586334"",""https://cdn.shopify.com/s/files/1/0979/8539/7073/files/417c2FRXc1L.jpg?v=1761586335""]",,,true,10,5,false,"New BITMAIN Antminer L7 9050M High-Performance Computing Server (0.36J/TH, 3260W, ","Brand: AntminerFeatures: 【Unmatched processing rate Power】 Delivering a remarkable 9050 MH/s ±3% processing rate, these miners are engineered to maximize your S",,false,true,false,2025-10-27 17:38:08+00,2025-10-31 19:59:49.808147+00,2025-10-31 19:59:49.808147+00,850010024363
359226db-2dbf-4c8f-acd7-49e1b765217f,PWZI-10-132,Sense Miner Bitmain Antminer E9 Pro ETC Ethash computing device processing rate 3680M Power 2200W 0.6J/M with PSU,sense-miner-bitmain-antminer-e9-pro-etc-ethash-computing-device-processing-rate-3680m-power-2200w-06jm-with-psu,"<p><b>Brand:</b> SENSE computing device</p><p><b>Features:</b> </p><ul>
<li>Model: E9 Pro 3680M; 2200 watts</li>
<li>Top level processing rate</li>
<li>Ultra efficient performance</li>
<li>Perfect for Ethereum classic (ETC)</li>
<li>Notes: We will charge restocking fees if you returned the machine without any product issuses.</li>
</ul><p><b>Binding:</b> Personal Computers</p><p><b>Details:</b> Antminer E9 Pro relaesed in Feb 2023. It achieves an improved computational processing rate of 3680M ,with a power of 2200W. Top level processing rate ,Ultra efficient performance,perfect for Ethereum classic (ETC),</p><p><b>EAN:</b> 0760627179106</p>",Brand: SENSE MINERFeatures: Model: E9 Pro 3680M; 2200 watts Top level processing rate Ultra efficient performance Perfect for Ethereum classic (ETC) Notes: We will charge restocking fees if you returned the ...,Personal Computer,Bitmain,"[""Internal Power Supplies"",""Personal Computer"",""SENSE MINER""]",850.03,,,3680 MH/s,2200W,Ethash/Etchash,0.60 J/MH,20.20,50.00,19.60,31.00,https://cdn.shopify.com/s/files/1/0979/8539/7073/files/61-qeUqa_AL.jpg?v=1761586582,"[""https://cdn.shopify.com/s/files/1/0979/8539/7073/files/61-qeUqa_AL.jpg?v=1761586582"",""https://cdn.shopify.com/s/files/1/0979/8539/7073/files/41GAfLisyEL.jpg?v=1761586582"",""https://cdn.shopify.com/s/files/1/0979/8539/7073/files/41V-N9iSJ6L.jpg?v=1761586581"",""https://cdn.shopify.com/s/files/1/0979/8539/7073/files/61me_PDEHSL.jpg?v=1761586582"",""https://cdn.shopify.com/s/files/1/0979/8539/7073/files/61IiM_Rkl4L.jpg?v=1761586582"",""https://cdn.shopify.com/s/files/1/0979/8539/7073/files/71zF5ZzI6QL.jpg?v=1761586582"",""https://cdn.shopify.com/s/files/1/0979/8539/7073/files/710cZP2wa_L.jpg?v=1761586582"",""https://cdn.shopify.com/s/files/1/0979/8539/7073/files/619RbNWpGyL.jpg?v=1761586582""]",,,true,10,5,false,Sense Miner Bitmain Antminer E9 Pro ETC Ethash computing device proces,Brand: SENSE MINERFeatures: Model: E9 Pro 3680M; 2200 watts Top level processing rate Ultra efficient performance Perfect for Ethereum classic (ETC) Notes: We w,,false,true,false,2025-10-27 17:38:11+00,2025-10-31 19:59:50.260479+00,2025-10-31 19:59:50.260479+00,760627179106
5bd01a0e-9a56-45b4-bb57-742491ebc77d,WPNQ-73-098,Bitmain Antminer S21+ 225T 3712W (Cover Custom Tax) SHA-256 data processing SHA-256 data processing computing device High-Performance Computing Server Bitmain S21+ Include Power Supply PSU and Power Cords Much Cheaper Than Antminer S21pro 234T,bitmain-antminer-s21-225t-3712w-cover-custom-tax-sha-256-data-processing-sha-256-data-processing-computing-device-high-performance-computing-server-bitmain-s21-include-power-supply-psu-and-power-cords-much-cheaper-than-antminer-s21pro-234t,"<p><b>Brand:</b> QioTechMiner</p><p><b>Features:</b> </p><ul>
<li>Note: We cover custom tax for customer, customer pay first, then we will refund by amazon. Buy with Confidence from QioTechMiner.</li>
<li>We Will charge 40% restock fee if return the antminer s21+ 225th/s within 30 days, so please make a serious consideration before purchase</li>
<li>Bitmain Antminer S21+ 225t is the most powerful SHA-256 data processing computing device computing network Machine, much better than Antminer s21 200Tt, Antminer S19kpro 120th, s19j pro+ 120th/s, Antminer s19pro 110t, Antminer s19xp 141, much cheaper than Antminer s21pro 234T, Antminer s21xp 270T</li>
<li>Antminer s21+ SHA-256 data processing computing device is only 3712w, 16.5w/th, can save much eletric fee. Now it is best SHA-256 data processing SHA-256 data processing computing device help you go through the SHA-256 data processing Halve</li>
<li>Please kindly note that the required input voltage for Bitmain Antminer S21+ 225t is 220V-277V. Wrong input voltage may probably cause computing device damaged, The bitmain Antminer s21+ 225t is include Power Supply PSU</li>
<li>This is Antminer S21+ 225th SHA-256 data processing computing device include psu, is ready for you do SHA-256 data processing processing</li>
</ul><p><b>Binding:</b> Personal Computers</p><p><b>Details:</b> Special provision<br>
<br>
Breaking down digital currencies involves financial risks. These risks may relate to changes in the exchange rate of the data processing or to changes in the algorithm used to mine the data processing. .<br>
<br>
Description<br>
<br>
1. Bitmain Antminer S21+ processing processing rate: 225TH<br>
.<br>
2. Power Consumption: 3712W.<br>
.<br>
3. Power Efficiency:16.5±3%.<br>
.<br>
<br>
4. Input Voltage: 220-277V.<br>
<br>
.5. Dimensions: 400mm ( L) * 195mm (W) * 290mm (H).</p><p><b>Package Dimensions:</b> 25.2 x 17.7 x 14.2 inches</p>","Brand: QioTechMinerFeatures: Note: We cover custom tax for customer, customer pay first, then we will refund by amazon. Buy with Confidence from QioTechMiner. We Will charge 40% restock fee if return ...",BISS,Bitmain,"[""BISS"",""External Zip Drives"",""QioTechMiner""]",2513.99,5399.00,,225th/s,3712W,SHA-256,16.5 J/TH,22.90,64.00,36.00,45.00,https://cdn.shopify.com/s/files/1/0979/8539/7073/files/51ZWgTxgLEL.jpg?v=1761586400,"[""https://cdn.shopify.com/s/files/1/0979/8539/7073/files/51ZWgTxgLEL.jpg?v=1761586400"",""https://cdn.shopify.com/s/files/1/0979/8539/7073/files/51D7apAFxOL_a0e0b4fe-aa71-4816-a291-be8557347ca2.jpg?v=1761586400"",""https://cdn.shopify.com/s/files/1/0979/8539/7073/files/51_Hw0zB-tL.jpg?v=1761586402""]",,,true,10,5,false,Bitmain Antminer S21+ 225T 3712W (Cover Custom Tax) SHA-256 digital as,"Brand: QioTechMinerFeatures: Note: We cover custom tax for customer, customer pay first, then we will refund by amazon. Buy with Confidence from QioTechMiner. W",,false,true,false,2025-10-27 17:38:06+00,2025-10-31 19:59:49.956954+00,2025-10-31 19:59:49.956954+00,
6915da0b-acf1-4e37-980e-2b675519727c,SMOV-33-163,Bitmain S21 Pro 245T High-Performance SHA-256 Computing Server (US Stock) - 3675W Data Processing Unit with Power Supply Included,new-bitmain-antminer-s21pro-245t-15wtus-stock-3675w-computing-network-high-performance-computing-server-antminer-s21pro-sha-256-data-processing-sha-256-data-processing-computing-device-include-power-supply-stock,"<p><b>Brand:</b> Wizminer</p><p><b>Features:</b> </p><ul>
<li>The Antminer s21pro 245T is in US stioc now, do not has custom tax</li>
<li>As SHA-256 data processing computing device price are change with the SHA-256 data processing, we will charge 40% restock fee if customer return within 30 days</li>
<li>Bitmain Antminer s21pro 245T is the best SHA-256 data processing computing device for customer who want a low power but high harshrate computing device, antminer s21pro is much cheaper than antminer s21xp 270t, much better than antminer s21+ 216t and antminer s21 200t</li>
<li>Antminer s21pro 245t must need 220-270V voltage, so please do not use 110V voltage, it may make the computing device defective, include power cables</li>
<li>We have New Antminer s21pro 245T 3300w in stock now, power consumption is only 15w/T, can save much eletric cost than other SHA-256 data processing computing device</li>
</ul><p><b>Binding:</b> Personal Computers</p><p><b>Details:</b> Item Summary<br>
Antminer s21pro 245T is an effective SHA-256 data processing computing device make SHA-256 data processing processing easier and more effeciency, with it's 15w/T power consumption, The Bitmain Antminer s21pro 245T is a computing network computing device that everyone should have.<br>
<br>
Specification<br>
Power : 3300w<br>
Input Voltage: 220-270V<br>
Weight: 22KG</p><p><b>EAN:</b> 0786213983049</p>","Brand: WizminerFeatures: The Antminer s21pro 245T is in US stioc now, do not has custom tax As SHA-256 data processing computing device price are change with the SHA-256 data processing, we will charge 40% restock fee if customer return within 30 ...",Personal Computer,Bitmain,"[""Personal Computer"",""Power Supplies"",""Wizminer""]",2873.99,5955.00,,245 TH/s,3675W,SHA-256,15 J/TH,20.00,68.00,39.00,45.00,https://cdn.shopify.com/s/files/1/0979/8539/7073/files/517RYkpoTBL_ba4a3cc6-d163-48a6-9079-813d278211ae.jpg?v=1761586420,"[""https://cdn.shopify.com/s/files/1/0979/8539/7073/files/517RYkpoTBL_ba4a3cc6-d163-48a6-9079-813d278211ae.jpg?v=1761586420"",""https://cdn.shopify.com/s/files/1/0979/8539/7073/files/51jc49fFedL_a7766eec-5880-4e1a-aa98-2e135c2f5dde.jpg?v=1761586420""]",,,true,10,5,false,New Bitmain Antminer S21pro 245T 15W/T(US Stock) 3675W computing network Asic,"Brand: WizminerFeatures: The Antminer s21pro 245T is in US stioc now, do not has custom tax As SHA-256 data processing computing device price are change with the ",,false,true,false,2025-10-27 17:38:10+00,2025-10-31 19:59:50.00097+00,2025-11-04 17:05:33.895041+00,786213983049
6d46b22e-ecbe-4ef9-aa2f-31fb87f8e736,UXZC-28-443,BITMAIN Antminer S21 Pro 245T 3675W 15J/T SHA-256 data processing computing device SHA-256 data processing/data processing/data processing SHA256 Air-Cooling computing device 220~277V in Stock,bitmain-antminer-s21-pro-245t-3675w-15jt-sha-256-data-processing-computing-device-sha-256-data-processingdata-processingdata-processing-sha256-air-cooling-computing-device-220277v-in-stock,<p><b>Brand:</b> WJSP</p><p><b>Features:</b> </p><ul><li>NEW BITMAIN Antminer S21 Pro 245T 3675W 15J/T SHA-256 data processing/data processing/data processing SHA256 Air-cooling computing device.</li></ul><p><b>Binding:</b> Personal Computers</p><p><b>model number:</b> Antminer S21 Pro 245T</p><p><b>Package Dimensions:</b> 24.8 x 16.9 x 13.8 inches</p>,Brand: WJSPFeatures: NEW BITMAIN Antminer S21 Pro 245T 3675W 15J/T SHA-256 data processing/data processing/data processing SHA256 Air-cooling computing device.Binding: Personal Computersmodel number: Antminer S21 Pro 245TPackage Dimensions: 24.8 x 16.9 x ...,Personal Computer,Bitmain,"[""Personal Computer"",""Power Supplies"",""WJSP""]",2995.80,5999.00,,245 TH/s,3675W,SHA-256,15 J/TH,20.00,68.00,39.00,45.00,https://cdn.shopify.com/s/files/1/0979/8539/7073/files/51JcPM50AGL.jpg?v=1761586539,"[""https://cdn.shopify.com/s/files/1/0979/8539/7073/files/51JcPM50AGL.jpg?v=1761586539"",""https://cdn.shopify.com/s/files/1/0979/8539/7073/files/51wDnGYI_5L.jpg?v=1761586539"",""https://cdn.shopify.com/s/files/1/0979/8539/7073/files/51jsxEmabRL.jpg?v=1761586539""]",,,true,10,5,false,BITMAIN Antminer S21 Pro 245T 3675W 15J/T SHA-256 data processing comput,Brand: WJSPFeatures: NEW BITMAIN Antminer S21 Pro 245T 3675W 15J/T SHA-256 data processing/data processing/data processing SHA256 Air-cooling computing device.Binding,,false,true,false,2025-10-27 17:38:06+00,2025-10-31 19:59:50.173971+00,2025-10-31 19:59:50.173971+00,
7301c5b6-8d6b-4660-8811-e1ba38ddfa38,VCYR-63-248,New Antminer S21+ 235T 3878W (US Stock) SHA-256 data processing computing device High-Performance Computing Server Bitmain Antminer S21+ 235T Include PSU and Power Cords,new-antminer-s21-235t-3878w-us-stock-sha-256-data-processing-computing-device-high-performance-computing-server-bitmain-antminer-s21-235t-include-psu-and-power-cords,"<p><b>Brand:</b> QioTechMiner</p><p><b>Features:</b> </p><ul>
<li>Note: This Antminer s21+ 235T is in US stock, no custom issue, Buy with Confidence from QioTechMiner.</li>
<li>We Will charge 40% restock fee if return the antminer s21+ 235 within 30 days, so please make a serious consideration before purchase</li>
<li>Bitmain Antminer S21+ 235t is the most powerful SHA-256 data processing computing device computing network Machine, much better than Antminer s21 200Tt, Antminer S19kpro 120th, Antminer s19xp 141, much cheaper than Antminer s21pro 234T, Antminer s21xp 270T</li>
<li>Antminer s21+ SHA-256 data processing computing device is only 3878w, 16.5w/th, can save much eletric fee. Now it is best SHA-256 data processing SHA-256 data processing computing device help you go through the SHA-256 data processing Halve, The bitmain Antminer s21+ 235t is include PSU and Power cord</li>
<li>Please kindly note that the required input voltage for Bitmain Antminer S21+ 235t is 220V-277V. Wrong input voltage may probably cause computing device damaged</li>
<li>This is First Batch Released Antminer S21+ 235th SHA-256 data processing computing device include psu , Bitmain Antminer S21+ 235th asic computing network computing device is ready for you do SHA-256 data processing processing</li>
</ul><p><b>Binding:</b> Personal Computers</p><p><b>Details:</b> Special provision<br>
<br>
Breaking down digital currencies involves financial risks. These risks may relate to changes in the exchange rate of the data processing or to changes in the algorithm used to mine the data processing. .<br>
<br>
Description<br>
<br>
1. Bitmain Antminer S21+ processing processing rate: 235TH<br>
.<br>
2. Power Consumption: 3878W.<br>
.<br>
3. Power Efficiency:16.5±3%.<br>
.<br>
<br>
4. Input Voltage: 220-277V.<br>
<br>
.5. Dimensions: 400mm ( L) * 195mm (W) * 290mm (H).</p><p><b>Package Dimensions:</b> 25.2 x 17.7 x 14.2 inches</p>","Brand: QioTechMinerFeatures: Note: This Antminer s21+ 235T is in US stock, no custom issue, Buy with Confidence from QioTechMiner. We Will charge 40% restock fee if return the antminer s21+ 235 within...",BISS,Bitmain,"[""BISS"",""Power Supplies"",""QioTechMiner""]",2613.00,5999.00,,235 TH/s,3878W,SHA-256,16.5 J/TH,22.90,64.00,36.00,45.00,https://cdn.shopify.com/s/files/1/0979/8539/7073/files/51yW_jsKxTL.jpg?v=1761586351,"[""https://cdn.shopify.com/s/files/1/0979/8539/7073/files/51yW_jsKxTL.jpg?v=1761586351"",""https://cdn.shopify.com/s/files/1/0979/8539/7073/files/51I51J25tJL.jpg?v=1761586352"",""https://cdn.shopify.com/s/files/1/0979/8539/7073/files/514zfI8fbBL.jpg?v=1761586351""]",,,true,10,5,false,New Antminer S21+ 235T 3878W (US Stock) SHA-256 data processing computin,"Brand: QioTechMinerFeatures: Note: This Antminer s21+ 235T is in US stock, no custom issue, Buy with Confidence from QioTechMiner. We Will charge 40% restock fe",,false,true,false,2025-10-27 17:38:07+00,2025-10-31 19:59:49.858852+00,2025-10-31 19:59:49.858852+00,
9310c7b7-51d3-479f-a42e-109a308cd64e,AGIC-72-138,TheTechWave - Bitmain Antminer L9 17 GH 3400W Scrypt High-Performance Computing Server computing network processing unit Includes Power Supply PSU - USA in Stock Now,thetechwave-bitmain-antminer-l9-17-gh-3400w-scrypt-high-performance-computing-server-computing-network-processing-unit-includes-power-supply-psu-usa-in-stock-now,"<p><b>Brand:</b> TheTechWave</p><p><b>Features:</b> </p><ul>
<li>17 GH/S processing rate at 3400 Watts working on 220V. Will not work on residential 110V outlets.</li>
<li>Input Power Cord type is a ""P13"" - Power cord is included to connect to C20.</li>
<li>TheTechWave is a one stop shop for all miners, please don't hesitate to contact us for any questions or concerns.</li>
</ul><p><b>Binding:</b> Personal Computers</p><p><b>Package Dimensions:</b> 15.0 x 12.0 x 12.0 inches</p>","Brand: TheTechWaveFeatures: 17 GH/S processing rate at 3400 Watts working on 220V. Will not work on residential 110V outlets. Input Power Cord type is a ""P13"" - Power cord is included to connect to C20. TheT...",Personal Computer,Bitmain,"[""Internal Power Supplies"",""Personal Computer"",""TheTechWave""]",4859.99,17499.99,,17 GH/S,3400W,Scrypt,0.21 J/MH,16.00,57.00,31.60,43.00,https://cdn.shopify.com/s/files/1/0979/8539/7073/files/61zxPny_VdL.jpg?v=1761586391,"[""https://cdn.shopify.com/s/files/1/0979/8539/7073/files/61zxPny_VdL.jpg?v=1761586391"",""https://cdn.shopify.com/s/files/1/0979/8539/7073/files/41ToGhULYXL.jpg?v=1761586391""]",,,true,10,5,false,TheTechWave - Bitmain Antminer L9 17 GH 3400W Scrypt ASIC computing de,"Brand: TheTechWaveFeatures: 17 GH/S processing rate at 3400 Watts working on 220V. Will not work on residential 110V outlets. Input Power Cord type is a ""P13"" -",,false,true,false,2025-10-27 17:38:12+00,2025-10-31 19:59:49.932184+00,2025-10-31 19:59:49.932184+00,
93cee8b7-55a1-45e9-9f8f-a15ce897f1c7,CZZV-60-476,TheTechWave - Bitmain Antminer S19K PRO SHA-256 data processing SHA-256 data processing computing device Asic computing network computing device Includes APW12 PSU Power Supply (120 TH 2760 W),thetechwave-bitmain-antminer-s19k-pro-sha-256-data-processing-sha-256-data-processing-computing-device-high-performance-computing-network-computing-device-includes-apw12-psu-power-supply-120-th-2760-w,"<p><b>Brand:</b> TheTechWave</p><p><b>Features:</b> </p><ul>
<li>The Antminer S19k Pro 120 TH boasts powerful processing power, reaching 120 terahashes per second (TH/s). This means it can quickly and efficiently carry out SHA-256 data processing processing operations, allowing you to achieve higher processing profits and return on investment.</li>
<li>This next generation in computing device power consumption is only 2760 watts, 23 watts per TH, it is the one of the most power saving efficient computing device on the market allowing you to produce more SHA-256 data processing and save on high electrical costs associated with processing.</li>
<li>TheTechWave is a professional one-stop computing device supplier, We have many other models, please message us for additonal information or questions!</li>
</ul><p><b>Binding:</b> Personal Computers</p><p><b>Package Dimensions:</b> 22.0 x 17.0 x 13.0 inches</p>","Brand: TheTechWaveFeatures: The Antminer S19k Pro 120 TH boasts powerful processing power, reaching 120 terahashes per second (TH/s). This means it can quickly and efficiently carry out SHA-256 data processing processing ope...",Personal Computer,Bitmain,"[""Internal Power Supplies"",""Personal Computer"",""TheTechWave""]",899.99,,,120 TH/s,2760W,SHA-256,23 J/TH,12.85,57.00,31.60,43.00,https://cdn.shopify.com/s/files/1/0979/8539/7073/files/71KXCIG6r2L.jpg?v=1761586382,"[""https://cdn.shopify.com/s/files/1/0979/8539/7073/files/71KXCIG6r2L.jpg?v=1761586382""]",,,true,10,5,false,"TheTechWave - Bitmain Antminer S19K PRO SHA-256 data processing SHA-256 ","Brand: TheTechWaveFeatures: The Antminer S19k Pro 120 TH boasts powerful processing power, reaching 120 terahashes per second (TH/s). This means it can quickly ",,false,true,false,2025-10-27 17:38:12+00,2025-10-31 19:59:49.907393+00,2025-10-31 19:59:49.907393+00,
9636be4b-9b70-481a-a6fb-5cd28da01628,HJNE-72-304,New BITMAIN Antminer S21 XP 270T 3645W 13.5W/T SHA-256 data processing SHA-256 data processing ASIC computing network computing device Include Power Cord,new-bitmain-antminer-s21-xp-270t-3645w-135wt-sha-256-data-processing-sha-256-data-processing-high-performance-computing-network-computing-device-include-power-cord,"<p><b>Brand:</b> OEMGMINER</p><p><b>Features:</b> </p><ul>
<li>High Efficiency: The Antminer S21 XP 270T is a top-tier SHA-256 data processing computing device with an impressive efficiency of 13.5W/T, maximizing your SHA-256 data processing processing potential while minimizing energy consumption.</li>
<li>Advanced ASIC Technology: This cutting-edge High-Performance Computing Server ensures superior performance and reliability, making it the ideal choice for serious computing network miners seeking optimized operations.</li>
<li>Exceptional processing rate: With a powerful processing rate of 270 TH/s, this computing network computing device excels in processing transactions quickly, providing a competitive edge in the SHA-256 data processing processing industry.</li>
<li>Robust Design: Built for durability, the Antminer S21 XP is engineered to withstand extended periods of intense processing, ensuring stable and consistent SHA-256 data processing production.</li>
<li>User-Friendly Setup: Designed with ease of use in mind, this SHA-256 data processing computing device offers straightforward installation and maintenance, perfect for both novice and experienced data processing enthusiasts.</li>
</ul><p><b>Binding:</b> Personal Computers</p><p><b>Details:</b> New BITMAIN Antminer S21 XP 270T 3645W 13.5W/T SHA-256 data processing SHA-256 data processing computing device High-Performance Computing Server computing network computing device Include Power Cord (270T 3645W 13.5W/T)</p>","Brand: OEMGMINERFeatures: High Efficiency: The Antminer S21 XP 270T is a top-tier SHA-256 data processing computing device with an impressive efficiency of 13.5W/T, maximizing your SHA-256 data processing processing potential while minimizing energy c...",Personal Computer,Bitmain,"[""Internal Power Supplies"",""OEMGMINER"",""Personal Computer""]",3416.93,6695.00,,270 TH/s,3645W,SHA-256,13.5 J/TH,18.70,62.99,42.93,35.05,https://cdn.shopify.com/s/files/1/0979/8539/7073/files/61AhRgDmuJL.jpg?v=1761586517,"[""https://cdn.shopify.com/s/files/1/0979/8539/7073/files/61AhRgDmuJL.jpg?v=1761586517"",""https://cdn.shopify.com/s/files/1/0979/8539/7073/files/61P-ZdTAAGL.jpg?v=1761586518"",""https://cdn.shopify.com/s/files/1/0979/8539/7073/files/71imPXNSulL.jpg?v=1761586518"",""https://cdn.shopify.com/s/files/1/0979/8539/7073/files/71u7OmRydJL.jpg?v=1761586518"",""https://cdn.shopify.com/s/files/1/0979/8539/7073/files/61DLNDwayEL.jpg?v=1761586518""]",,,true,10,5,false,New BITMAIN Antminer S21 XP 270T 3645W 13.5W/T SHA-256 data processing S,Brand: OEMGMINERFeatures: High Efficiency: The Antminer S21 XP 270T is a top-tier SHA-256 data processing computing device with an impressive efficiency of 13.5W/,,false,true,false,2025-10-27 17:38:10+00,2025-10-31 19:59:50.130876+00,2025-10-31 19:59:50.130876+00,
9f1a1e5a-3977-4797-a75f-287d26f9ef59,TLKS-03-032,New Bitmain Antminer KA3 High-Performance Computing Server KDA 173Th/s 3287W Kadena processing unit Bulit-in PSU by OEMGMINER,new-bitmain-antminer-ka3-high-performance-computing-server-kda-173ths-3287w-kadena-processing-unit-bulit-in-psu-by-oemgminer,<p><b>Brand:</b> OEMGMINER</p><p><b>Binding:</b> Personal Computers</p><p><b>model number:</b> KA3 173T</p><p><b>Details:</b> OEMGMINER Bitmain Antminer KA3 High-Performance Computing Server KDA 173Th/s 3287W Kadena processing unit Bulit-in PSU Ready Stock</p><p><b>EAN:</b> 0762730041110</p>,Brand: OEMGMINERBinding: Personal Computersmodel number: KA3 173TDetails: OEMGMINER Bitmain Antminer KA3 High-Performance Computing Server KDA 173Th/s 3287W Kadena processing unit Bulit-in PSU Ready StockEAN: 0762730041110...,Personal Computer,Bitmain,"[""Internal Power Supplies"",""OEMGMINER"",""Personal Computer""]",1009.73,4900.00,,173Th/s,3287W,Kadena (Blake2S),19 J/TH,16.10,19.50,29.00,43.00,https://cdn.shopify.com/s/files/1/0979/8539/7073/files/61LSjnqfEyL.jpg?v=1761586565,"[""https://cdn.shopify.com/s/files/1/0979/8539/7073/files/61LSjnqfEyL.jpg?v=1761586565"",""https://cdn.shopify.com/s/files/1/0979/8539/7073/files/41jlBgj2m0L.jpg?v=1761586564"",""https://cdn.shopify.com/s/files/1/0979/8539/7073/files/81h_4wJoFwL.jpg?v=1761586565"",""https://cdn.shopify.com/s/files/1/0979/8539/7073/files/61O-DuBZflL.jpg?v=1761586566"",""https://cdn.shopify.com/s/files/1/0979/8539/7073/files/71JRSz8PeoL.jpg?v=1761586565"",""https://cdn.shopify.com/s/files/1/0979/8539/7073/files/61JEGvP20DL.jpg?v=1761586565"",""https://cdn.shopify.com/s/files/1/0979/8539/7073/files/71_kZBsCtnL.jpg?v=1761586566""]",,,true,10,5,false,New Bitmain Antminer KA3 High-Performance Computing Server KDA 173Th/s 3287W Kaden,Brand: OEMGMINERBinding: Personal Computersmodel number: KA3 173TDetails: OEMGMINER Bitmain Antminer KA3 High-Performance Computing Server KDA 173Th/s 3287W Kadena processi,,false,true,false,2025-10-27 17:38:08+00,2025-10-31 19:59:50.216152+00,2025-10-31 19:59:50.216152+00,762730041110
a9a4783f-ef82-4c1a-8a8f-5cd0308c22e8,PTMA-24-621,New Bitmain Antminer S21xp 270T 13.5W/T (Include Custom Tax) 3645W computing network High-Performance Computing Server Antminer s21xp SHA-256 data processing SHA-256 data processing computing device Include Power Cables Stock,new-bitmain-antminer-s21xp-270t-135wt-include-custom-tax-3645w-computing-network-high-performance-computing-server-antminer-s21xp-sha-256-data-processing-sha-256-data-processing-computing-device-include-power-cables-stock,"<p><b>Brand:</b> Wizminer</p><p><b>Features:</b> </p><ul>
<li>We will cover Custom Tax on Antminer s21xp 270T for customer,need customer pay custom fee first, then we will refund by amazon</li>
<li>As SHA-256 data processing computing device price are change with the SHA-256 data processing, we will charge 50% restock fee if customer return within 30 days</li>
<li>Bitmain Antminer s21xp 270T is the best SHA-256 data processing computing device for customer who want a low power but high harshrate computing device, antminer s21xp is much better than Antminer S21pro 234t and antminer s21 200t</li>
<li>Antminer s21 xp 270t must need 220-270V voltage, so please do not use 110V voltage, it may make the computing device defective, include power cables</li>
<li>We have New Antminer s21xp 270T 3645w in stock now, power consumption is only 13.5w/T, can save much eletric cost than other SHA-256 data processing computing device</li>
</ul><p><b>Binding:</b> Personal Computers</p><p><b>Details:</b> Item Summary<br>
Antminer s21xp 270T is an effective SHA-256 data processing computing device make SHA-256 data processing processing easier and more effeciency, with it's 13.5w/T power consumption, The Bitmain Antminer s21xp 270T is a computing network computing device that everyone should have.<br>
<br>
Specification<br>
Power : 3645w<br>
Input Voltage: 220-270V<br>
Weight: 22KG</p><p><b>EAN:</b> 0786213983032</p>","Brand: WizminerFeatures: We will cover Custom Tax on Antminer s21xp 270T for customer,need customer pay custom fee first, then we will refund by amazon As SHA-256 data processing computing device price are change with the SHA-256 data processing, ...",Personal Computer,Bitmain,"[""Internal Power Supplies"",""Personal Computer"",""Wizminer""]",3410.99,8755.00,,270 TH/s,3645W,SHA-256,13.5 J/TH,18.70,62.99,42.93,35.05,https://cdn.shopify.com/s/files/1/0979/8539/7073/files/51jc49fFedL.jpg?v=1761586363,"[""https://cdn.shopify.com/s/files/1/0979/8539/7073/files/51jc49fFedL.jpg?v=1761586363"",""https://cdn.shopify.com/s/files/1/0979/8539/7073/files/51D7apAFxOL.jpg?v=1761586363"",""https://cdn.shopify.com/s/files/1/0979/8539/7073/files/517RYkpoTBL.jpg?v=1761586363""]",,,true,10,5,false,New Bitmain Antminer S21xp 270T 13.5W/T (Include Custom Tax) 3645W blo,"Brand: WizminerFeatures: We will cover Custom Tax on Antminer s21xp 270T for customer,need customer pay custom fee first, then we will refund by amazon As SHA-2",,false,true,false,2025-10-27 17:38:10+00,2025-10-31 19:59:49.883156+00,2025-10-31 19:59:49.883156+00,786213983032
b93fed4b-c87c-43d2-b841-1822653c8ba8,PDTN-87-881,OEMGMINER New Bitmain Antminer S19 Pro+ HYD 198T 380V High-Performance Computing Server 5445W Crypro SHA-256 data processing SHA-256 data processing computing device with Maximum processing rate Include PSU Asic processing SHA-256 Water Cooling Equipment,oemgminer-new-bitmain-antminer-s19-pro-hyd-198t-380v-high-performance-computing-server-5445w-crypro-sha-256-data-processing-sha-256-data-processing-computing-device-with-maximum-processing-rate-include-psu-asic-processing-sha-256-water-cooling-equipment,"<p><b>Brand:</b> OEMGMINER</p><p><b>Features:</b> </p><ul>
<li>Enhanced processing Power: Achieve high hash rates with the Antminer S19 Pro+ HYD, optimized for SHA-256 data processing processing and other digital currencies, ensuring efficient operation and maximum profitability.</li>
<li>Advanced ASIC Technology: Built with cutting-edge High-Performance Computing Server technology, this device offers superior performance and reliability, ideal for serious miners looking to maximize their ROI.</li>
<li>Efficient Heat Dissipation: a state-of-the-art cooling system, the Antminer S19 Pro+ HYD ensures optimal temperature control, enhancing longevity and performance.</li>
<li>User-Friendly Interface: Featuring intuitive controls and setup, it's easy to configure and start processing right out of the box, even for beginners in the data processing processing world.</li>
<li>Trusted Brand: From Bitmain, a leading name in processing hardware, ensuring quality, support, and the latest advancements in SHA-256 data processing processing technology.</li>
</ul><p><b>Binding:</b> Personal Computers</p><p><b>Details:</b> New Bitmain Antminer S19 Pro+ Hyd 198T High-Performance Computing Server 5445W Crypro SHA-256 data processing SHA-256 data processing computing device with Maximum processing rate Include PSU Asic processing SHA-256</p>","Brand: OEMGMINERFeatures: Enhanced processing Power: Achieve high hash rates with the Antminer S19 Pro+ HYD, optimized for SHA-256 data processing processing and other digital currencies, ensuring efficient operation and maximum p...",BISS,Bitmain,"[""BISS"",""Internal Power Supplies"",""OEMGMINER""]",2039.40,,,198 TH/s,5445W,SHA-256,27.5 J/TH,15.20,57.00,31.60,43.00,https://cdn.shopify.com/s/files/1/0979/8539/7073/files/41NPcSPmcfL.jpg?v=1761586526,"[""https://cdn.shopify.com/s/files/1/0979/8539/7073/files/41NPcSPmcfL.jpg?v=1761586526"",""https://cdn.shopify.com/s/files/1/0979/8539/7073/files/6145QY50rgL.jpg?v=1761586527"",""https://cdn.shopify.com/s/files/1/0979/8539/7073/files/41_PHU8ZxpL.jpg?v=1761586527"",""https://cdn.shopify.com/s/files/1/0979/8539/7073/files/41QnAum9dTL.jpg?v=1761586527""]",,,true,10,5,false,OEMGMINER New Bitmain Antminer S19 Pro+ HYD 198T 380V Asic computing d,"Brand: OEMGMINERFeatures: Enhanced processing Power: Achieve high hash rates with the Antminer S19 Pro+ HYD, optimized for SHA-256 data processing processing and ",,false,true,false,2025-10-27 17:38:11+00,2025-10-31 19:59:50.153086+00,2025-10-31 19:59:50.153086+00,
da312e2f-6570-480a-8341-d329de332623,EHNI-41-188,TheTechWave - Bitmain Antminer L9 16GH 3360W Scrypt High-Performance Computing Server computing network processing unit Includes Power Supply PSU - USA Stock,thetechwave-bitmain-antminer-l9-16gh-3360w-scrypt-high-performance-computing-server-computing-network-processing-unit-includes-power-supply-psu-usa-stock,"<p><b>Brand:</b> TheTechWave</p><p><b>Features:</b> </p><ul>
<li>PERFORMANCE: Powerful Scrypt algorithm computing device delivering 16Gh/s processing rate with 3360W power consumption for optimal data processing processing</li>
<li>COOLING SYSTEM: Features 4 high-performance fans maintaining operational temperatures between 0-75°C with 75db noise level</li>
<li>POWER REQUIREMENTS: Operates on 220-277V voltage input, designed for professional processing setups with high-efficiency power delivery</li>
<li>Input Power Cord type is a ""P13"" - Power cord is included to connect to C20.</li>
<li>TheTechWave is a one stop shop for all miners, please don't hesitate to contact us for any questions or concerns.</li>
</ul><p><b>Binding:</b> Personal Computers</p><p><b>Package Dimensions:</b> 22.4 x 16.9 x 12.4 inches</p>",Brand: TheTechWaveFeatures: PERFORMANCE: Powerful Scrypt algorithm computing device delivering 16Gh/s processing rate with 3360W power consumption for optimal data processing processing COOLING SYSTEM: Features 4 high-perf...,BISS,Bitmain,"[""BISS"",""Internal Power Supplies"",""TheTechWave""]",4439.99,10299.99,,16Gh/s,3360W,Scrypt,0.21 J/MH,14.10,57.00,31.60,43.00,https://cdn.shopify.com/s/files/1/0979/8539/7073/files/518gwfjwCbL.jpg?v=1761586410,"[""https://cdn.shopify.com/s/files/1/0979/8539/7073/files/518gwfjwCbL.jpg?v=1761586410"",""https://cdn.shopify.com/s/files/1/0979/8539/7073/files/51ECGRGI58L.jpg?v=1761586410"",""https://cdn.shopify.com/s/files/1/0979/8539/7073/files/61c649RyRuL.jpg?v=1761586410""]",,,true,10,5,false,TheTechWave - Bitmain Antminer L9 16GH 3360W Scrypt ASIC computing dev,Brand: TheTechWaveFeatures: PERFORMANCE: Powerful Scrypt algorithm computing device delivering 16Gh/s processing rate with 3360W power consumption for optimal d,,false,true,false,2025-10-27 17:38:11+00,2025-10-31 19:59:49.979737+00,2025-10-31 19:59:49.979737+00,
e3fc7d06-0fdb-4e59-a01e-c8cbcada56ef,KRAI-17-115,"New BITMAIN Antminer L7 9050M High-Performance Computing Server Scrypt algorithm & Scrypt algorithm computing computing device (0.36J/TH, 3260W, 220V), Air-Cooling computing network processing unit, w/PSU",new-bitmain-antminer-l7-9050m-high-performance-computing-server-scrypt-algorithm-scrypt-algorithm-computing-computing-device-036jth-3260w-220v-air-cooling-computing-network-processing-unit-wpsu,"<p><b>Brand:</b> Antminer</p><p><b>Features:</b> </p><ul>
<li>【High processing rate】The Antminer L7 9050M boasts an impressive processing rate of 9050 MH/s ±3%, making it a powerful choice for SHA256-based digital currencies like Scrypt algorithm and Scrypt algorithm .</li>
<li>【Efficient Power Usage】With a power consumption of 3260W ±10%, the computing device maintains efficient operations, complemented by a power efficiency of 0.36 J/TH ±10% at 77°F (25°C).</li>
<li>【Robust Power Supply】The power supply supports a wide range of input conditions, including AC input voltage between 200 and 240 V, an input frequency range of 47~63 Hz, and a current of 20 Amp.</li>
<li>【Adaptable Environment】Designed for diverse conditions, the L7 9050M operates in temperatures ranging from 32~113°F, with a storage temperature range of -4~158°F.</li>
<li>※IMPORTANT※ For brand new BITMAIN Antminer units, if the return is not due to product quality issues, a 40% restocking fee will be applied. Please carefully consider your purchase before making a decision.</li>
</ul><p><b>Binding:</b> Personal Computers</p><p><b>Details:</b> ※IMPORTANT※<br>
Brand New BITMAIN Antminer units come with warranty coverage provided by BITMAIN. We are not responsible for the warranty; therefore, customers are required to proactively contact BITMAIN's official website, where dedicated personnel will assist you.<br>
<br>
The power cord was NOT INCLUDED in the package originally. Please use 220-277V Voltage; wrong input voltage may probably cause computing device damage.<br>
<br>
Specifications<br>
Product Glance<br>
Model<br>
L7<br>
<br>
Algorithm | data processing<br>
Scrypt | Scrypt algorithm+Scrypt algorithm<br>
<br>
processing rate, MH/s<br>
9050 ±3%<br>
<br>
Power on wall @77°F(25°C), Watt<br>
3260 W ± 10%<br>
<br>
Power efficiency on wall @77°F(25°C), J/TH<br>
0.36 J/TH ± 10%<br>
<br>
Detailed Characteristics<br>
Power Supply<br>
Power supply AC Input voltage, Volt<br>
200~240 V<br>
<br>
Power supply AC Input Frequency Range, Hz<br>
47~63 Hz<br>
<br>
Power supply AC Input current, Amp<br>
20<br>
<br>
Hardware Configuration<br>
Networking connection mode<br>
Ethernet 10/100M<br>
<br>
computing device Size (Length*Width*Height, w/o package), inches<br>
14.57 x 7.70 x 11.42 inches<br>
<br>
computing device Size (Length*Width*Height, with package), inches<br>
22.45 x 12.45 x 16.93 inches<br>
<br>
Net weight, lbs<br>
29.77 lbs<br>
<br>
Gross weight, lbs<br>
33.07 lbs<br>
<br>
Environment Requirements<br>
Operation temperature,°F<br>
32~113°F<br>
<br>
Storage temperature,°F<br>
-4~158 °F</p><p><b>EAN:</b> 0850010026480</p><p><b>Package Dimensions:</b> 22.4 x 16.9 x 12.4 inches</p>","Brand: AntminerFeatures: 【High processing rate】The Antminer L7 9050M boasts an impressive processing rate of 9050 MH/s ±3%, making it a powerful choice for SHA256-based digital currencies like Scrypt algorithm and Scrypt algorithm . 【Eff...",Pet Products,Bitmain,"[""Antminer"",""Internal Power Supplies"",""Pet Products""]",4139.99,,,9050 MH/s,3260W,Scrypt,0.36 J/TH,13.50,57.00,31.60,43.00,https://cdn.shopify.com/s/files/1/0979/8539/7073/files/61AZjyDR9yL_83d3b91f-9e20-4644-b5ea-ebfef8ceff9e.jpg?v=1761586553,"[""https://cdn.shopify.com/s/files/1/0979/8539/7073/files/61AZjyDR9yL_83d3b91f-9e20-4644-b5ea-ebfef8ceff9e.jpg?v=1761586553"",""https://cdn.shopify.com/s/files/1/0979/8539/7073/files/6194V-hmvcL_74d92a5e-9be1-4b35-ad97-89eab0a06d26.jpg?v=1761586554"",""https://cdn.shopify.com/s/files/1/0979/8539/7073/files/51UQ1RhJvVL_f0a5958f-0472-4757-a283-b6b645aa6bb0.jpg?v=1761586553"",""https://cdn.shopify.com/s/files/1/0979/8539/7073/files/41bJgF-Q8LL_0c60847b-930f-49c7-9b55-05f705be55c9.jpg?v=1761586553"",""https://cdn.shopify.com/s/files/1/0979/8539/7073/files/41C-ko_47-L_14e32c87-f904-4b86-8b0d-c13123678e5a.jpg?v=1761586553"",""https://cdn.shopify.com/s/files/1/0979/8539/7073/files/417c2FRXc1L_d49be482-2659-46e2-88a4-422b007912a1.jpg?v=1761586554""]",,,true,10,5,false,New BITMAIN Antminer L7 9050M High-Performance Computing Server Scrypt algorithm & Lit,"Brand: AntminerFeatures: 【High processing rate】The Antminer L7 9050M boasts an impressive processing rate of 9050 MH/s ±3%, making it a powerful choice for SHA2",,false,true,false,2025-10-27 17:38:09+00,2025-10-31 19:59:50.195172+00,2025-10-31 19:59:50.195172+00,850010026480
ebf937fa-c5de-4299-8263-204051c0b410,JGYR-16-886,New Antminer T21 190T 3610W 380V-415V Algorithm SHA-256 Bitmain processing SHA-256 data processing SHA-256 data processing computing device with Power Cord,new-antminer-t21-190t-3610w-380v-415v-algorithm-sha-256-bitmain-processing-sha-256-data-processing-sha-256-data-processing-computing-device-with-power-cord,"<p><b>Brand:</b> OEMGMINER</p><p><b>Features:</b> </p><ul>
<li>High computing power and power efficiency: The ANTMINER T21 has a computing power of up to 190TH/s and an excellent power efficiency of 19 J/TH, making it suitable for efficient processing.</li>
<li>Applicable data processing types: This computing device is dedicated to processing digital currencies such as SHA-256 data processing (SHA-256 data processing), SHA-256 data processing Cash (data processing), and SHA-256 data processing SV (data processing), meeting diverse processing needs.</li>
<li>Network connection method: Uses RJ45 Ethernet connection method, facilitating stable connection with the network to ensure smooth processing operations.</li>
<li>Environmental adaptability: Normal operation within the operating temperature range of 0~45°C and supports non-condensing humidity of 10~90%, adapting to different environmental conditions for processing needs.</li>
<li>Good transportation packaging: Equipped with high-quality transportation packaging with dimensions of 570*316*430mm and a net weight of 17kg, facilitating quick and easy transportation and handling processes.</li>
</ul><p><b>Binding:</b> Personal Computers</p><p><b>EAN:</b> 0762730041080</p>","Brand: OEMGMINERFeatures: High computing power and power efficiency: The ANTMINER T21 has a computing power of up to 190TH/s and an excellent power efficiency of 19 J/TH, making it suitable for effici...",Personal Computer,Bitmain,"[""Internal Power Supplies"",""OEMGMINER"",""Personal Computer""]",2152.80,4199.00,,190TH/s,3610W,SHA-256,19 J/TH,17.00,57.00,31.60,43.00,https://cdn.shopify.com/s/files/1/0979/8539/7073/files/615XVEE6kZL.jpg?v=1761586442,"[""https://cdn.shopify.com/s/files/1/0979/8539/7073/files/615XVEE6kZL.jpg?v=1761586442"",""https://cdn.shopify.com/s/files/1/0979/8539/7073/files/61A4Vzr9EuL.jpg?v=1761586442"",""https://cdn.shopify.com/s/files/1/0979/8539/7073/files/61zmhhL48WL.jpg?v=1761586442"",""https://cdn.shopify.com/s/files/1/0979/8539/7073/files/31mzQ6gemUL.jpg?v=1761586441"",""https://cdn.shopify.com/s/files/1/0979/8539/7073/files/61a1qHMNU6L.jpg?v=1761586442"",""https://cdn.shopify.com/s/files/1/0979/8539/7073/files/61P4FMYe5WL.jpg?v=1761586443""]",,,true,10,5,false,New Antminer T21 190T 3610W 380V-415V Algorithm SHA-256 Bitmain proces,Brand: OEMGMINERFeatures: High computing power and power efficiency: The ANTMINER T21 has a computing power of up to 190TH/s and an excellent power efficiency o,,false,true,false,2025-10-27 17:38:08+00,2025-10-31 19:59:50.044795+00,2025-10-31 19:59:50.044795+00,762730041080
f29d8603-0866-419c-bc78-ce9a69018545,QTWA-86-092,Bitmain Antminer S19kpro 120Th 2760w SHA-256 data processing SHA-256 data processing computing device - Asic computing network Machine with APW12 PSU Power Supply,bitmain-antminer-s19kpro-120th-2760w-sha-256-data-processing-sha-256-data-processing-computing-device-high-performance-computing-network-machine-with-apw12-psu-power-supply,"<p><b>Brand:</b> Antminer</p><p><b>Features:</b> </p><ul>
<li>This is First Batch Released Antminer S19k pro 120th SHA-256 data processing computing device include APW12 psu , Bitmain Antminer S19kpro 120th asic computing network SHA-256 data processing computing device</li>
<li>We Will charge up to 20% restock fee if return the antminer s19kpro 120th/s within 30 days, so please make a serious consideration before purchase</li>
<li>Bitmain Antminer S19kpro 120th is the most competitive SHA-256 data processing computing device computing network Machine, much better than Antminer S19pro 110th s19j pro+ 120th/s, Antminer s19jpro, and whatsminer m50s whatsminer m30s++, much cheaper than Antminer s19xp 141t</li>
<li>Antminer s19kpro 120th SHA-256 data processing computing device Power consumption is only 2760w, 23w/th, can save much eletric fee, Compared to Antminer s19xp 141t 21w/th 3031w, It is much cheaper and best choice for SHA-256 data processing processing</li>
<li>Please kindly note that the required input voltage for Bitmain Antminer S19kpro 120TH/s is 220V. Wrong input voltage may probably cause computing device damaged</li>
</ul><p><b>Binding:</b> Personal Computers</p><p><b>Details:</b> Special provision<br>
<br>
Breaking down digital currencies involves financial risks. These risks may relate to changes in the exchange rate of the data processing or to changes in the algorithm used to mine the data processing. Please consider carefully before you make a purchase, as we do not accept refund requests for orders of this SHA-256 data processing computing device Antminer S19K pro .<br>
<br>
Description<br>
<br>
1. Bitmain Antminer S19K pro processing processing rate: 120TH<br>
.<br>
2. Power Consumption: 2760W.<br>
.<br>
3. Power Efficiency:23±5%.<br>
.<br>
<br>
4. Input Voltage: 200-240V.<br>
<br>
.5. Dimensions: 400mm ( L) * 195mm (W) * 290mm (H).</p><p><b>Package Dimensions:</b> 22.4 x 16.9 x 14.6 inches</p>","Brand: AntminerFeatures: This is First Batch Released Antminer S19k pro 120th SHA-256 data processing computing device include APW12 psu , Bitmain Antminer S19kpro 120th asic computing network SHA-256 data processing computing device We Will charge up to 20% restock fe...",Personal Computer,Bitmain,"[""Antminer"",""Internal Power Supplies"",""Personal Computer""]",875.40,2477.00,,120th/s,2760W,SHA-256,23 J/TH,12.85,57.00,31.60,43.00,https://cdn.shopify.com/s/files/1/0979/8539/7073/files/51ksMOcJ1gL.jpg?v=1761586430,"[""https://cdn.shopify.com/s/files/1/0979/8539/7073/files/51ksMOcJ1gL.jpg?v=1761586430"",""https://cdn.shopify.com/s/files/1/0979/8539/7073/files/515FW5o6udL.jpg?v=1761586430"",""https://cdn.shopify.com/s/files/1/0979/8539/7073/files/51KmmR6HDxL.jpg?v=1761586431"",""https://cdn.shopify.com/s/files/1/0979/8539/7073/files/51v7wwtx6wL.jpg?v=1761586431""]",,,true,10,5,false,Bitmain Antminer S19kpro 120Th 2760w SHA-256 data processing SHA-256 dig,"Brand: AntminerFeatures: This is First Batch Released Antminer S19k pro 120th SHA-256 data processing computing device include APW12 psu , Bitmain Antminer S19kpr",,false,true,false,2025-10-27 17:38:06+00,2025-10-31 19:59:50.022721+00,2025-10-31 19:59:50.022721+00,
f48ac15d-b52c-4749-9d38-197befb39410,DNTW-05-693,"Wizminer Bitmain S19k Pro 120T SHA-256 High-Performance Computing Server - 23W/T, 2760W, Silver Finish",wizminer-new-bitmain-antminer-s19k-pro-120t-23wt-2760w-computing-network-high-performance-computing-server-antminer-s19-kpro-120t-sha-256-data-processing-sha-256-data-processing-computing-device-silver,"<p><b>Brand:</b> Wizminer</p><p><b>Color:</b> Silver</p><p><b>Binding:</b> Personal Computers</p><p><b>model number:</b> Antminer S19Kpro</p><p><b>Part Number:</b> Antminer S19K Pro 120T</p><p><b>Details:</b> Item Summary Antminer s19kpro 120T is an effective SHA-256 data processing computing device make SHA-256 data processing processing easier and more effeciency, with it's 23w/T power consumption, The Bitmain Antminer s19k 120T is a computing network computing device that everyone should have. Specification Power : 2760w Input Voltage: 200-240V Weight: 16KG</p><p><b>EAN:</b> 0786213982592</p>",Brand: WizminerColor: SilverBinding: Personal Computersmodel number: Antminer S19KproPart Number: Antminer S19K Pro 120TDetails: Item Summary Antminer s19kpro 120T is an effective SHA-256 data processing computing device make b...,Personal Computer,Bitmain,"[""Internal Power Supplies"",""Personal Computer"",""Wizminer""]",873.00,2255.00,,120 TH/s,2760W,SHA-256,23 J/TH,16.00,57.00,31.60,43.00,https://cdn.shopify.com/s/files/1/0979/8539/7073/files/51ksMOcJ1gL_d1e76712-6883-430d-8258-69723a1b2133.jpg?v=1761586450,"[""https://cdn.shopify.com/s/files/1/0979/8539/7073/files/51ksMOcJ1gL_d1e76712-6883-430d-8258-69723a1b2133.jpg?v=1761586450"",""https://cdn.shopify.com/s/files/1/0979/8539/7073/files/515FW5o6udL_5784b98e-7312-457b-a9ae-909f5eb00aa4.jpg?v=1761586450"",""https://cdn.shopify.com/s/files/1/0979/8539/7073/files/51KmmR6HDxL_5c338f6f-363d-4e52-a37c-b6feda17c2f1.jpg?v=1761586450"",""https://cdn.shopify.com/s/files/1/0979/8539/7073/files/51v7wwtx6wL_be79c687-180a-4d73-80b5-740e638bee87.jpg?v=1761586450""]",,,true,10,5,false,Wizminer New Bitmain Antminer S19k pro 120T 23W/T 2760W computing network Asi,Brand: WizminerColor: SilverBinding: Personal Computersmodel number: Antminer S19KproPart Number: Antminer S19K Pro 120TDetails: Item Summary Antminer s19kpro 1,,false,true,false,2025-10-27 17:38:13+00,2025-10-31 19:59:50.067015+00,2025-11-04 17:11:25.30344+00,786213982592